[
  {
    "fields": {
      "name": "app",
      "datastore_id": "s4N8p5g0wjiS",
      "workspace_id": "f4bb0aabc51d458a9eab58ed80fa2d6c",
      "created_at": "2020-02-27 17:25:55.196431+00:00",
      "updated_at": "2020-02-27 17:25:55.196482+00:00",
      "object_id": "16441",
      "tags": [
        "one",
        "two",
        "three"
      ]
    },
    "model": "definitions.schema",
    "pk": 1
  },
  {
    "fields": {
      "name": "customers",
      "schema_id": 1,
      "workspace_id": "f4bb0aabc51d458a9eab58ed80fa2d6c",
      "created_at": "2020-02-27 17:25:55.339009+00:00",
      "updated_at": "2020-02-27 17:25:55.339054+00:00",
      "object_id": "16442",
      "kind": "base table",
      "tags": [],
      "short_desc": "",
      "custom_properties": {
        "p0tqRz5QJ9yC": "Finance",
        "YjOTcEUsymIU": 3
      }
    },
    "model": "definitions.table",
    "pk": 1
  },
  {
    "model": "definitions.assetowner",
    "pk": 1,
    "fields": {
      "created_at": "2020-06-26T22:45:18.731Z",
      "updated_at": "2020-06-26T23:01:49.122Z",
      "workspace": "f4bb0aabc51d458a9eab58ed80fa2d6c",
      "object_id": 1,
      "content_type": [
        "definitions",
        "table"
      ],
      "owner_id": 1,
      "owner_type": [
        "authentication",
        "user"
      ],
      "order": 0
    }
  },
  {
    "fields": {
      "name": "customernumber",
      "table_id": 1,
      "workspace_id": "f4bb0aabc51d458a9eab58ed80fa2d6c",
      "created_at": "2020-02-27 17:25:55.774833+00:00",
      "updated_at": "2020-02-27 17:25:55.774867+00:00",
      "object_id": "16442/1",
      "is_nullable": false,
      "is_primary": true,
      "ordinal_position": 1,
      "data_type": "integer",
      "numeric_scale": 0,
      "max_length": 32,
      "default_value": ""
    },
    "model": "definitions.column",
    "pk": 1
  },
  {
    "fields": {
      "name": "customername",
      "table_id": 1,
      "workspace_id": "f4bb0aabc51d458a9eab58ed80fa2d6c",
      "created_at": "2020-02-27 17:25:55.774979+00:00",
      "updated_at": "2020-02-27 17:25:55.775008+00:00",
      "object_id": "16442/2",
      "is_nullable": false,
      "is_primary": false,
      "ordinal_position": 2,
      "data_type": "character varying",
      "numeric_scale": null,
      "max_length": 50,
      "default_value": ""
    },
    "model": "definitions.column",
    "pk": 2
  },
  {
    "fields": {
      "name": "contactlastname",
      "table_id": 1,
      "workspace_id": "f4bb0aabc51d458a9eab58ed80fa2d6c",
      "created_at": "2020-02-27 17:25:55.775118+00:00",
      "updated_at": "2020-02-27 17:25:55.775142+00:00",
      "object_id": "16442/3",
      "is_nullable": false,
      "is_primary": false,
      "ordinal_position": 3,
      "data_type": "character varying",
      "numeric_scale": null,
      "max_length": 50,
      "default_value": "",
      "short_desc": "Related to the customer"
    },
    "model": "definitions.column",
    "pk": 3
  },
  {
    "fields": {
      "name": "contactfirstname",
      "table_id": 1,
      "workspace_id": "f4bb0aabc51d458a9eab58ed80fa2d6c",
      "created_at": "2020-02-27 17:25:55.775216+00:00",
      "updated_at": "2020-02-27 17:25:55.775311+00:00",
      "object_id": "16442/4",
      "is_nullable": false,
      "is_primary": false,
      "ordinal_position": 4,
      "data_type": "character varying",
      "numeric_scale": null,
      "max_length": 50,
      "default_value": ""
    },
    "model": "definitions.column",
    "pk": 4
  },
  {
    "fields": {
      "name": "phone",
      "table_id": 1,
      "workspace_id": "f4bb0aabc51d458a9eab58ed80fa2d6c",
      "created_at": "2020-02-27 17:25:55.775384+00:00",
      "updated_at": "2020-02-27 17:25:55.775406+00:00",
      "object_id": "16442/5",
      "is_nullable": false,
      "is_primary": false,
      "ordinal_position": 5,
      "data_type": "character varying",
      "numeric_scale": null,
      "max_length": 50,
      "default_value": ""
    },
    "model": "definitions.column",
    "pk": 5
  },
  {
    "fields": {
      "name": "addressline1",
      "table_id": 1,
      "workspace_id": "f4bb0aabc51d458a9eab58ed80fa2d6c",
      "created_at": "2020-02-27 17:25:55.775477+00:00",
      "updated_at": "2020-02-27 17:25:55.775498+00:00",
      "object_id": "16442/6",
      "is_nullable": false,
      "is_primary": false,
      "ordinal_position": 6,
      "data_type": "character varying",
      "numeric_scale": null,
      "max_length": 50,
      "default_value": ""
    },
    "model": "definitions.column",
    "pk": 6
  },
  {
    "fields": {
      "name": "addressline2",
      "table_id": 1,
      "workspace_id": "f4bb0aabc51d458a9eab58ed80fa2d6c",
      "created_at": "2020-02-27 17:25:55.775569+00:00",
      "updated_at": "2020-02-27 17:25:55.775591+00:00",
      "object_id": "16442/7",
      "is_nullable": true,
      "is_primary": false,
      "ordinal_position": 7,
      "data_type": "character varying",
      "numeric_scale": null,
      "max_length": 50,
      "default_value": "NULL::character varying"
    },
    "model": "definitions.column",
    "pk": 7
  },
  {
    "fields": {
      "name": "city",
      "table_id": 1,
      "workspace_id": "f4bb0aabc51d458a9eab58ed80fa2d6c",
      "created_at": "2020-02-27 17:25:55.775662+00:00",
      "updated_at": "2020-02-27 17:25:55.775683+00:00",
      "object_id": "16442/8",
      "is_nullable": false,
      "is_primary": false,
      "ordinal_position": 8,
      "data_type": "character varying",
      "numeric_scale": null,
      "max_length": 50,
      "default_value": ""
    },
    "model": "definitions.column",
    "pk": 8
  },
  {
    "fields": {
      "name": "state",
      "table_id": 1,
      "workspace_id": "f4bb0aabc51d458a9eab58ed80fa2d6c",
      "created_at": "2020-02-27 17:25:55.775753+00:00",
      "updated_at": "2020-02-27 17:25:55.775775+00:00",
      "object_id": "16442/9",
      "is_nullable": true,
      "is_primary": false,
      "ordinal_position": 9,
      "data_type": "character varying",
      "numeric_scale": null,
      "max_length": 50,
      "default_value": "NULL::character varying"
    },
    "model": "definitions.column",
    "pk": 9
  },
  {
    "fields": {
      "name": "postalcode",
      "table_id": 1,
      "workspace_id": "f4bb0aabc51d458a9eab58ed80fa2d6c",
      "created_at": "2020-02-27 17:25:55.775845+00:00",
      "updated_at": "2020-02-27 17:25:55.775866+00:00",
      "object_id": "16442/10",
      "is_nullable": true,
      "is_primary": false,
      "ordinal_position": 10,
      "data_type": "character varying",
      "numeric_scale": null,
      "max_length": 15,
      "default_value": "NULL::character varying"
    },
    "model": "definitions.column",
    "pk": 10
  },
  {
    "fields": {
      "name": "country",
      "table_id": 1,
      "workspace_id": "f4bb0aabc51d458a9eab58ed80fa2d6c",
      "created_at": "2020-02-27 17:25:55.775937+00:00",
      "updated_at": "2020-02-27 17:25:55.775958+00:00",
      "object_id": "16442/11",
      "is_nullable": false,
      "is_primary": false,
      "ordinal_position": 11,
      "data_type": "character varying",
      "numeric_scale": null,
      "max_length": 50,
      "default_value": ""
    },
    "model": "definitions.column",
    "pk": 11
  },
  {
    "fields": {
      "name": "salesrepemployeenumber",
      "table_id": 1,
      "workspace_id": "f4bb0aabc51d458a9eab58ed80fa2d6c",
      "created_at": "2020-02-27 17:25:55.776029+00:00",
      "updated_at": "2020-02-27 17:25:55.776050+00:00",
      "object_id": "16442/12",
      "is_nullable": true,
      "is_primary": false,
      "ordinal_position": 12,
      "data_type": "integer",
      "numeric_scale": 0,
      "max_length": 32,
      "default_value": ""
    },
    "model": "definitions.column",
    "pk": 12
  },
  {
    "fields": {
      "name": "creditlimit",
      "table_id": 1,
      "workspace_id": "f4bb0aabc51d458a9eab58ed80fa2d6c",
      "created_at": "2020-02-27 17:25:55.776121+00:00",
      "updated_at": "2020-02-27 17:25:55.776143+00:00",
      "object_id": "16442/13",
      "is_nullable": true,
      "is_primary": false,
      "ordinal_position": 13,
      "data_type": "numeric",
      "numeric_scale": 2,
      "max_length": 10,
      "default_value": "NULL::numeric"
    },
    "model": "definitions.column",
    "pk": 13
  },
  {
    "fields": {
      "name": "customers_pkey",
      "table_id": 1,
      "workspace_id": "f4bb0aabc51d458a9eab58ed80fa2d6c",
      "created_at": "2020-02-27 17:25:55.867963+00:00",
      "updated_at": "2020-02-27 17:25:55.867997+00:00",
      "object_id": "16449",
      "is_unique": true,
      "is_primary": true,
      "sql": "CREATE UNIQUE INDEX customers_pkey ON app.customers USING btree (customernumber)"
    },
    "model": "definitions.index",
    "pk": 1
  },
  {
    "fields": {
      "index_id": 1,
      "column_id": 1,
      "workspace_id": "f4bb0aabc51d458a9eab58ed80fa2d6c",
      "created_at": "2020-02-27 17:25:55.877521+00:00",
      "updated_at": "2020-02-27 17:25:55.877559+00:00",
      "ordinal_position": 1
    },
    "model": "definitions.indexcolumn",
    "pk": 1
  },
  {
    "fields": {
      "name": "departments",
      "schema_id": 1,
      "workspace_id": "f4bb0aabc51d458a9eab58ed80fa2d6c",
      "created_at": "2020-02-27 17:25:55.339463+00:00",
      "updated_at": "2020-02-27 17:25:55.339642+00:00",
      "object_id": "16522",
      "kind": "base table",
      "tags": [],
      "short_desc": "",
      "properties": {}
    },
    "model": "definitions.table",
    "pk": 2
  },
  {
    "fields": {
      "name": "id",
      "table_id": 2,
      "workspace_id": "f4bb0aabc51d458a9eab58ed80fa2d6c",
      "created_at": "2020-02-27 17:25:55.776213+00:00",
      "updated_at": "2020-02-27 17:25:55.776235+00:00",
      "object_id": "16522/1",
      "is_nullable": false,
      "is_primary": true,
      "ordinal_position": 1,
      "data_type": "integer",
      "numeric_scale": 0,
      "max_length": 32,
      "default_value": "nextval('app.departments_id_seq'::regclass)"
    },
    "model": "definitions.column",
    "pk": 14
  },
  {
    "fields": {
      "name": "dept_name",
      "table_id": 2,
      "workspace_id": "f4bb0aabc51d458a9eab58ed80fa2d6c",
      "created_at": "2020-02-27 17:25:55.778933+00:00",
      "updated_at": "2020-02-27 17:25:55.778954+00:00",
      "object_id": "16522/2",
      "is_nullable": false,
      "is_primary": false,
      "ordinal_position": 2,
      "data_type": "character varying",
      "numeric_scale": null,
      "max_length": 40,
      "default_value": ""
    },
    "model": "definitions.column",
    "pk": 15
  },
  {
    "fields": {
      "name": "departments_dept_name_key",
      "table_id": 2,
      "workspace_id": "f4bb0aabc51d458a9eab58ed80fa2d6c",
      "created_at": "2020-02-27 17:25:55.868552+00:00",
      "updated_at": "2020-02-27 17:25:55.868574+00:00",
      "object_id": "16528",
      "is_unique": true,
      "is_primary": false,
      "sql": "CREATE UNIQUE INDEX departments_dept_name_key ON app.departments USING btree (dept_name)"
    },
    "model": "definitions.index",
    "pk": 2
  },
  {
    "fields": {
      "index_id": 2,
      "column_id": 15,
      "workspace_id": "f4bb0aabc51d458a9eab58ed80fa2d6c",
      "created_at": "2020-02-27 17:25:55.887063+00:00",
      "updated_at": "2020-02-27 17:25:55.887090+00:00",
      "ordinal_position": 1
    },
    "model": "definitions.indexcolumn",
    "pk": 9
  },
  {
    "fields": {
      "name": "departments_pkey",
      "table_id": 2,
      "workspace_id": "f4bb0aabc51d458a9eab58ed80fa2d6c",
      "created_at": "2020-02-27 17:25:55.868632+00:00",
      "updated_at": "2020-02-27 17:25:55.868653+00:00",
      "object_id": "16526",
      "is_unique": true,
      "is_primary": true,
      "sql": "CREATE UNIQUE INDEX departments_pkey ON app.departments USING btree (id)"
    },
    "model": "definitions.index",
    "pk": 3
  },
  {
    "fields": {
      "index_id": 3,
      "column_id": 14,
      "workspace_id": "f4bb0aabc51d458a9eab58ed80fa2d6c",
      "created_at": "2020-02-27 17:25:55.888229+00:00",
      "updated_at": "2020-02-27 17:25:55.888254+00:00",
      "ordinal_position": 1
    },
    "model": "definitions.indexcolumn",
    "pk": 10
  },
  {
    "fields": {
      "name": "orderdetails",
      "schema_id": 1,
      "workspace_id": "f4bb0aabc51d458a9eab58ed80fa2d6c",
      "created_at": "2020-02-27 17:25:55.341915+00:00",
      "updated_at": "2020-02-27 17:25:55.341960+00:00",
      "object_id": "16501",
      "kind": "base table",
      "tags": [],
      "short_desc": "Details about an order",
      "properties": {}
    },
    "model": "definitions.table",
    "pk": 3
  },
  {
    "fields": {
      "name": "ordernumber",
      "table_id": 3,
      "workspace_id": "f4bb0aabc51d458a9eab58ed80fa2d6c",
      "created_at": "2020-02-27 17:25:55.779025+00:00",
      "updated_at": "2020-02-27 17:25:55.779046+00:00",
      "object_id": "16501/1",
      "is_nullable": false,
      "is_primary": true,
      "ordinal_position": 1,
      "data_type": "integer",
      "numeric_scale": 0,
      "max_length": 32,
      "default_value": ""
    },
    "model": "definitions.column",
    "pk": 16
  },
  {
    "fields": {
      "name": "productcode",
      "table_id": 3,
      "workspace_id": "f4bb0aabc51d458a9eab58ed80fa2d6c",
      "created_at": "2020-02-27 17:25:55.779117+00:00",
      "updated_at": "2020-02-27 17:25:55.779138+00:00",
      "object_id": "16501/2",
      "is_nullable": false,
      "is_primary": true,
      "ordinal_position": 2,
      "data_type": "character varying",
      "numeric_scale": null,
      "max_length": 15,
      "default_value": ""
    },
    "model": "definitions.column",
    "pk": 17
  },
  {
    "fields": {
      "name": "quantityordered",
      "table_id": 3,
      "workspace_id": "f4bb0aabc51d458a9eab58ed80fa2d6c",
      "created_at": "2020-02-27 17:25:55.779208+00:00",
      "updated_at": "2020-02-27 17:25:55.779229+00:00",
      "object_id": "16501/3",
      "is_nullable": false,
      "is_primary": false,
      "ordinal_position": 3,
      "data_type": "integer",
      "numeric_scale": 0,
      "max_length": 32,
      "default_value": ""
    },
    "model": "definitions.column",
    "pk": 18
  },
  {
    "fields": {
      "name": "priceeach",
      "table_id": 3,
      "workspace_id": "f4bb0aabc51d458a9eab58ed80fa2d6c",
      "created_at": "2020-02-27 17:25:55.779359+00:00",
      "updated_at": "2020-02-27 17:25:55.779382+00:00",
      "object_id": "16501/4",
      "is_nullable": false,
      "is_primary": false,
      "ordinal_position": 4,
      "data_type": "numeric",
      "numeric_scale": 2,
      "max_length": 10,
      "default_value": ""
    },
    "model": "definitions.column",
    "pk": 19
  },
  {
    "fields": {
      "name": "orderlinenumber",
      "table_id": 3,
      "workspace_id": "f4bb0aabc51d458a9eab58ed80fa2d6c",
      "created_at": "2020-02-27 17:25:55.779452+00:00",
      "updated_at": "2020-02-27 17:25:55.779474+00:00",
      "object_id": "16501/5",
      "is_nullable": false,
      "is_primary": false,
      "ordinal_position": 5,
      "data_type": "integer",
      "numeric_scale": 0,
      "max_length": 32,
      "default_value": ""
    },
    "model": "definitions.column",
    "pk": 20
  },
  {
    "fields": {
      "name": "orderdetails_pkey",
      "table_id": 3,
      "workspace_id": "f4bb0aabc51d458a9eab58ed80fa2d6c",
      "created_at": "2020-02-27 17:25:55.868712+00:00",
      "updated_at": "2020-02-27 17:25:55.868733+00:00",
      "object_id": "16504",
      "is_unique": true,
      "is_primary": true,
      "sql": "CREATE UNIQUE INDEX orderdetails_pkey ON app.orderdetails USING btree (ordernumber, productcode)"
    },
    "model": "definitions.index",
    "pk": 4
  },
  {
    "fields": {
      "index_id": 4,
      "column_id": 16,
      "workspace_id": "f4bb0aabc51d458a9eab58ed80fa2d6c",
      "created_at": "2020-02-27 17:25:55.889324+00:00",
      "updated_at": "2020-02-27 17:25:55.889350+00:00",
      "ordinal_position": 1
    },
    "model": "definitions.indexcolumn",
    "pk": 11
  },
  {
    "fields": {
      "index_id": 4,
      "column_id": 17,
      "workspace_id": "f4bb0aabc51d458a9eab58ed80fa2d6c",
      "created_at": "2020-02-27 17:25:55.890417+00:00",
      "updated_at": "2020-02-27 17:25:55.890443+00:00",
      "ordinal_position": 2
    },
    "model": "definitions.indexcolumn",
    "pk": 12
  },
  {
    "fields": {
      "name": "orders",
      "schema_id": 1,
      "workspace_id": "f4bb0aabc51d458a9eab58ed80fa2d6c",
      "created_at": "2020-02-27 17:25:55.342069+00:00",
      "updated_at": "2020-02-27 17:25:55.342097+00:00",
      "object_id": "16465",
      "kind": "base table",
      "tags": [],
      "short_desc": "",
      "properties": {}
    },
    "model": "definitions.table",
    "pk": 4
  },
  {
    "fields": {
      "name": "ordernumber",
      "table_id": 4,
      "workspace_id": "f4bb0aabc51d458a9eab58ed80fa2d6c",
      "created_at": "2020-02-27 17:25:55.779544+00:00",
      "updated_at": "2020-02-27 17:25:55.779566+00:00",
      "object_id": "16465/1",
      "is_nullable": false,
      "is_primary": true,
      "ordinal_position": 1,
      "data_type": "integer",
      "numeric_scale": 0,
      "max_length": 32,
      "default_value": ""
    },
    "model": "definitions.column",
    "pk": 21
  },
  {
    "fields": {
      "name": "orderdate",
      "table_id": 4,
      "workspace_id": "f4bb0aabc51d458a9eab58ed80fa2d6c",
      "created_at": "2020-02-27 17:25:55.779637+00:00",
      "updated_at": "2020-02-27 17:25:55.779659+00:00",
      "object_id": "16465/2",
      "is_nullable": false,
      "is_primary": false,
      "ordinal_position": 2,
      "data_type": "date",
      "numeric_scale": null,
      "max_length": null,
      "default_value": ""
    },
    "model": "definitions.column",
    "pk": 22
  },
  {
    "fields": {
      "name": "requireddate",
      "table_id": 4,
      "workspace_id": "f4bb0aabc51d458a9eab58ed80fa2d6c",
      "created_at": "2020-02-27 17:25:55.779729+00:00",
      "updated_at": "2020-02-27 17:25:55.779751+00:00",
      "object_id": "16465/3",
      "is_nullable": false,
      "is_primary": false,
      "ordinal_position": 3,
      "data_type": "date",
      "numeric_scale": null,
      "max_length": null,
      "default_value": ""
    },
    "model": "definitions.column",
    "pk": 23
  },
  {
    "fields": {
      "name": "shippeddate",
      "table_id": 4,
      "workspace_id": "f4bb0aabc51d458a9eab58ed80fa2d6c",
      "created_at": "2020-02-27 17:25:55.779821+00:00",
      "updated_at": "2020-02-27 17:25:55.779842+00:00",
      "object_id": "16465/4",
      "is_nullable": true,
      "is_primary": false,
      "ordinal_position": 4,
      "data_type": "date",
      "numeric_scale": null,
      "max_length": null,
      "default_value": ""
    },
    "model": "definitions.column",
    "pk": 24
  },
  {
    "fields": {
      "name": "status",
      "table_id": 4,
      "workspace_id": "f4bb0aabc51d458a9eab58ed80fa2d6c",
      "created_at": "2020-02-27 17:25:55.779913+00:00",
      "updated_at": "2020-02-27 17:25:55.779934+00:00",
      "object_id": "16465/5",
      "is_nullable": false,
      "is_primary": false,
      "ordinal_position": 5,
      "data_type": "character varying",
      "numeric_scale": null,
      "max_length": 15,
      "default_value": ""
    },
    "model": "definitions.column",
    "pk": 25
  },
  {
    "fields": {
      "name": "comments",
      "table_id": 4,
      "workspace_id": "f4bb0aabc51d458a9eab58ed80fa2d6c",
      "created_at": "2020-02-27 17:25:55.780005+00:00",
      "updated_at": "2020-02-27 17:25:55.780027+00:00",
      "object_id": "16465/6",
      "is_nullable": true,
      "is_primary": false,
      "ordinal_position": 6,
      "data_type": "text",
      "numeric_scale": null,
      "max_length": null,
      "default_value": ""
    },
    "model": "definitions.column",
    "pk": 26
  },
  {
    "fields": {
      "name": "customernumber",
      "table_id": 4,
      "workspace_id": "f4bb0aabc51d458a9eab58ed80fa2d6c",
      "created_at": "2020-02-27 17:25:55.780101+00:00",
      "updated_at": "2020-02-27 17:25:55.780123+00:00",
      "object_id": "16465/7",
      "is_nullable": false,
      "is_primary": false,
      "ordinal_position": 7,
      "data_type": "integer",
      "numeric_scale": 0,
      "max_length": 32,
      "default_value": ""
    },
    "model": "definitions.column",
    "pk": 27
  },
  {
    "fields": {
      "name": "orders_pkey",
      "table_id": 4,
      "workspace_id": "f4bb0aabc51d458a9eab58ed80fa2d6c",
      "created_at": "2020-02-27 17:25:55.868792+00:00",
      "updated_at": "2020-02-27 17:25:55.868813+00:00",
      "object_id": "16471",
      "is_unique": true,
      "is_primary": true,
      "sql": "CREATE UNIQUE INDEX orders_pkey ON app.orders USING btree (ordernumber)"
    },
    "model": "definitions.index",
    "pk": 5
  },
  {
    "fields": {
      "index_id": 5,
      "column_id": 21,
      "workspace_id": "f4bb0aabc51d458a9eab58ed80fa2d6c",
      "created_at": "2020-02-27 17:25:55.891503+00:00",
      "updated_at": "2020-02-27 17:25:55.891530+00:00",
      "ordinal_position": 1
    },
    "model": "definitions.indexcolumn",
    "pk": 13
  },
  {
    "fields": {
      "name": "payments",
      "schema_id": 1,
      "workspace_id": "f4bb0aabc51d458a9eab58ed80fa2d6c",
      "created_at": "2020-02-27 17:25:55.342324+00:00",
      "updated_at": "2020-02-27 17:25:55.342351+00:00",
      "object_id": "16478",
      "kind": "base table",
      "tags": [],
      "short_desc": "",
      "properties": {}
    },
    "model": "definitions.table",
    "pk": 5
  },
  {
    "fields": {
      "name": "customernumber",
      "table_id": 5,
      "workspace_id": "f4bb0aabc51d458a9eab58ed80fa2d6c",
      "created_at": "2020-02-27 17:25:55.780193+00:00",
      "updated_at": "2020-02-27 17:25:55.780215+00:00",
      "object_id": "16478/1",
      "is_nullable": false,
      "is_primary": true,
      "ordinal_position": 1,
      "data_type": "integer",
      "numeric_scale": 0,
      "max_length": 32,
      "default_value": ""
    },
    "model": "definitions.column",
    "pk": 28
  },
  {
    "fields": {
      "name": "checknumber",
      "table_id": 5,
      "workspace_id": "f4bb0aabc51d458a9eab58ed80fa2d6c",
      "created_at": "2020-02-27 17:25:55.780347+00:00",
      "updated_at": "2020-02-27 17:25:55.780369+00:00",
      "object_id": "16478/2",
      "is_nullable": false,
      "is_primary": true,
      "ordinal_position": 2,
      "data_type": "character varying",
      "numeric_scale": null,
      "max_length": 50,
      "default_value": ""
    },
    "model": "definitions.column",
    "pk": 29
  },
  {
    "fields": {
      "name": "paymentdate",
      "table_id": 5,
      "workspace_id": "f4bb0aabc51d458a9eab58ed80fa2d6c",
      "created_at": "2020-02-27 17:25:55.780439+00:00",
      "updated_at": "2020-02-27 17:25:55.780461+00:00",
      "object_id": "16478/3",
      "is_nullable": false,
      "is_primary": false,
      "ordinal_position": 3,
      "data_type": "date",
      "numeric_scale": null,
      "max_length": null,
      "default_value": ""
    },
    "model": "definitions.column",
    "pk": 30
  },
  {
    "fields": {
      "name": "amount",
      "table_id": 5,
      "workspace_id": "f4bb0aabc51d458a9eab58ed80fa2d6c",
      "created_at": "2020-02-27 17:25:55.780531+00:00",
      "updated_at": "2020-02-27 17:25:55.780553+00:00",
      "object_id": "16478/4",
      "is_nullable": false,
      "is_primary": false,
      "ordinal_position": 4,
      "data_type": "numeric",
      "numeric_scale": 2,
      "max_length": 10,
      "default_value": ""
    },
    "model": "definitions.column",
    "pk": 31
  },
  {
    "fields": {
      "name": "payments_pkey",
      "table_id": 5,
      "workspace_id": "f4bb0aabc51d458a9eab58ed80fa2d6c",
      "created_at": "2020-02-27 17:25:55.868872+00:00",
      "updated_at": "2020-02-27 17:25:55.868893+00:00",
      "object_id": "16481",
      "is_unique": true,
      "is_primary": true,
      "sql": "CREATE UNIQUE INDEX payments_pkey ON app.payments USING btree (customernumber, checknumber)"
    },
    "model": "definitions.index",
    "pk": 6
  },
  {
    "fields": {
      "index_id": 6,
      "column_id": 28,
      "workspace_id": "f4bb0aabc51d458a9eab58ed80fa2d6c",
      "created_at": "2020-02-27 17:25:55.892547+00:00",
      "updated_at": "2020-02-27 17:25:55.892574+00:00",
      "ordinal_position": 1
    },
    "model": "definitions.indexcolumn",
    "pk": 14
  },
  {
    "fields": {
      "index_id": 6,
      "column_id": 29,
      "workspace_id": "f4bb0aabc51d458a9eab58ed80fa2d6c",
      "created_at": "2020-02-27 17:25:55.893608+00:00",
      "updated_at": "2020-02-27 17:25:55.893637+00:00",
      "ordinal_position": 2
    },
    "model": "definitions.indexcolumn",
    "pk": 15
  },
  {
    "fields": {
      "name": "productlines",
      "schema_id": 1,
      "workspace_id": "f4bb0aabc51d458a9eab58ed80fa2d6c",
      "created_at": "2020-02-27 17:25:55.342439+00:00",
      "updated_at": "2020-02-27 17:25:55.342466+00:00",
      "object_id": "16456",
      "kind": "base table",
      "tags": [],
      "short_desc": "",
      "properties": {}
    },
    "model": "definitions.table",
    "pk": 6
  },
  {
    "fields": {
      "name": "productline",
      "table_id": 6,
      "workspace_id": "f4bb0aabc51d458a9eab58ed80fa2d6c",
      "created_at": "2020-02-27 17:25:55.780623+00:00",
      "updated_at": "2020-02-27 17:25:55.780645+00:00",
      "object_id": "16456/1",
      "is_nullable": false,
      "is_primary": true,
      "ordinal_position": 1,
      "data_type": "character varying",
      "numeric_scale": null,
      "max_length": 50,
      "default_value": "",
      "short_desc": ""
    },
    "model": "definitions.column",
    "pk": 32
  },
  {
    "fields": {
      "name": "textdescription",
      "table_id": 6,
      "workspace_id": "f4bb0aabc51d458a9eab58ed80fa2d6c",
      "created_at": "2020-02-27 17:25:55.780715+00:00",
      "updated_at": "2020-02-27 17:25:55.780737+00:00",
      "object_id": "16456/2",
      "is_nullable": true,
      "is_primary": false,
      "ordinal_position": 2,
      "data_type": "character varying",
      "numeric_scale": null,
      "max_length": 4000,
      "default_value": "NULL::character varying"
    },
    "model": "definitions.column",
    "pk": 33
  },
  {
    "fields": {
      "name": "htmldescription",
      "table_id": 6,
      "workspace_id": "f4bb0aabc51d458a9eab58ed80fa2d6c",
      "created_at": "2020-02-27 17:25:55.780808+00:00",
      "updated_at": "2020-02-27 17:25:55.780830+00:00",
      "object_id": "16456/3",
      "is_nullable": true,
      "is_primary": false,
      "ordinal_position": 3,
      "data_type": "text",
      "numeric_scale": null,
      "max_length": null,
      "default_value": ""
    },
    "model": "definitions.column",
    "pk": 34
  },
  {
    "fields": {
      "name": "image",
      "table_id": 6,
      "workspace_id": "f4bb0aabc51d458a9eab58ed80fa2d6c",
      "created_at": "2020-02-27 17:25:55.780900+00:00",
      "updated_at": "2020-02-27 17:25:55.780921+00:00",
      "object_id": "16456/4",
      "is_nullable": true,
      "is_primary": false,
      "ordinal_position": 4,
      "data_type": "bytea",
      "numeric_scale": null,
      "max_length": null,
      "default_value": ""
    },
    "model": "definitions.column",
    "pk": 35
  },
  {
    "fields": {
      "name": "productlines_pkey",
      "table_id": 6,
      "workspace_id": "f4bb0aabc51d458a9eab58ed80fa2d6c",
      "created_at": "2020-02-27 17:25:55.868951+00:00",
      "updated_at": "2020-02-27 17:25:55.868973+00:00",
      "object_id": "16463",
      "is_unique": true,
      "is_primary": true,
      "sql": "CREATE UNIQUE INDEX productlines_pkey ON app.productlines USING btree (productline)"
    },
    "model": "definitions.index",
    "pk": 7
  },
  {
    "fields": {
      "index_id": 7,
      "column_id": 32,
      "workspace_id": "f4bb0aabc51d458a9eab58ed80fa2d6c",
      "created_at": "2020-02-27 17:25:55.895068+00:00",
      "updated_at": "2020-02-27 17:25:55.895099+00:00",
      "ordinal_position": 1
    },
    "model": "definitions.indexcolumn",
    "pk": 16
  },
  {
    "fields": {
      "name": "products",
      "schema_id": 1,
      "workspace_id": "f4bb0aabc51d458a9eab58ed80fa2d6c",
      "created_at": "2020-02-27 17:25:55.342572+00:00",
      "updated_at": "2020-02-27 17:25:55.342600+00:00",
      "object_id": "16488",
      "kind": "base table",
      "tags": [],
      "short_desc": "",
      "properties": {}
    },
    "model": "definitions.table",
    "pk": 7
  },
  {
    "fields": {
      "name": "productcode",
      "table_id": 7,
      "workspace_id": "f4bb0aabc51d458a9eab58ed80fa2d6c",
      "created_at": "2020-02-27 17:25:55.780991+00:00",
      "updated_at": "2020-02-27 17:25:55.781013+00:00",
      "object_id": "16488/1",
      "is_nullable": false,
      "is_primary": true,
      "ordinal_position": 1,
      "data_type": "character varying",
      "numeric_scale": null,
      "max_length": 15,
      "default_value": ""
    },
    "model": "definitions.column",
    "pk": 36
  },
  {
    "fields": {
      "name": "productname",
      "table_id": 7,
      "workspace_id": "f4bb0aabc51d458a9eab58ed80fa2d6c",
      "created_at": "2020-02-27 17:25:55.781083+00:00",
      "updated_at": "2020-02-27 17:25:55.781105+00:00",
      "object_id": "16488/2",
      "is_nullable": false,
      "is_primary": false,
      "ordinal_position": 2,
      "data_type": "character varying",
      "numeric_scale": null,
      "max_length": 70,
      "default_value": ""
    },
    "model": "definitions.column",
    "pk": 37
  },
  {
    "fields": {
      "name": "productline",
      "table_id": 7,
      "workspace_id": "f4bb0aabc51d458a9eab58ed80fa2d6c",
      "created_at": "2020-02-27 17:25:55.781175+00:00",
      "updated_at": "2020-02-27 17:25:55.781197+00:00",
      "object_id": "16488/3",
      "is_nullable": false,
      "is_primary": false,
      "ordinal_position": 3,
      "data_type": "character varying",
      "numeric_scale": null,
      "max_length": 50,
      "default_value": "",
      "short_desc": "Hello, world."
    },
    "model": "definitions.column",
    "pk": 38
  },
  {
    "fields": {
      "name": "productscale",
      "table_id": 7,
      "workspace_id": "f4bb0aabc51d458a9eab58ed80fa2d6c",
      "created_at": "2020-02-27 17:25:55.781328+00:00",
      "updated_at": "2020-02-27 17:25:55.781353+00:00",
      "object_id": "16488/4",
      "is_nullable": false,
      "is_primary": false,
      "ordinal_position": 4,
      "data_type": "character varying",
      "numeric_scale": null,
      "max_length": 10,
      "default_value": "",
      "short_desc": "Goodbye, world."
    },
    "model": "definitions.column",
    "pk": 39
  },
  {
    "fields": {
      "name": "productvendor",
      "table_id": 7,
      "workspace_id": "f4bb0aabc51d458a9eab58ed80fa2d6c",
      "created_at": "2020-02-27 17:25:55.781424+00:00",
      "updated_at": "2020-02-27 17:25:55.781446+00:00",
      "object_id": "16488/5",
      "is_nullable": false,
      "is_primary": false,
      "ordinal_position": 5,
      "data_type": "character varying",
      "numeric_scale": null,
      "max_length": 50,
      "default_value": ""
    },
    "model": "definitions.column",
    "pk": 40
  },
  {
    "fields": {
      "name": "productdescription",
      "table_id": 7,
      "workspace_id": "f4bb0aabc51d458a9eab58ed80fa2d6c",
      "created_at": "2020-02-27 17:25:55.781516+00:00",
      "updated_at": "2020-02-27 17:25:55.781538+00:00",
      "object_id": "16488/6",
      "is_nullable": false,
      "is_primary": false,
      "ordinal_position": 6,
      "data_type": "text",
      "numeric_scale": null,
      "max_length": null,
      "default_value": ""
    },
    "model": "definitions.column",
    "pk": 41
  },
  {
    "fields": {
      "name": "quantityinstock",
      "table_id": 7,
      "workspace_id": "f4bb0aabc51d458a9eab58ed80fa2d6c",
      "created_at": "2020-02-27 17:25:55.781608+00:00",
      "updated_at": "2020-02-27 17:25:55.781630+00:00",
      "object_id": "16488/7",
      "is_nullable": false,
      "is_primary": false,
      "ordinal_position": 7,
      "data_type": "integer",
      "numeric_scale": 0,
      "max_length": 32,
      "default_value": ""
    },
    "model": "definitions.column",
    "pk": 42
  },
  {
    "fields": {
      "name": "buyprice",
      "table_id": 7,
      "workspace_id": "f4bb0aabc51d458a9eab58ed80fa2d6c",
      "created_at": "2020-02-27 17:25:55.781701+00:00",
      "updated_at": "2020-02-27 17:25:55.781722+00:00",
      "object_id": "16488/8",
      "is_nullable": false,
      "is_primary": false,
      "ordinal_position": 8,
      "data_type": "numeric",
      "numeric_scale": 2,
      "max_length": 10,
      "default_value": ""
    },
    "model": "definitions.column",
    "pk": 43
  },
  {
    "fields": {
      "name": "msrp",
      "table_id": 7,
      "workspace_id": "f4bb0aabc51d458a9eab58ed80fa2d6c",
      "created_at": "2020-02-27 17:25:55.781793+00:00",
      "updated_at": "2020-02-27 17:25:55.781815+00:00",
      "object_id": "16488/9",
      "is_nullable": false,
      "is_primary": false,
      "ordinal_position": 9,
      "data_type": "numeric",
      "numeric_scale": 2,
      "max_length": 10,
      "default_value": ""
    },
    "model": "definitions.column",
    "pk": 44
  },
  {
    "fields": {
      "name": "products_pkey",
      "table_id": 7,
      "workspace_id": "f4bb0aabc51d458a9eab58ed80fa2d6c",
      "created_at": "2020-02-27 17:25:55.869031+00:00",
      "updated_at": "2020-02-27 17:25:55.869052+00:00",
      "object_id": "16494",
      "is_unique": true,
      "is_primary": true,
      "sql": "CREATE UNIQUE INDEX products_pkey ON app.products USING btree (productcode)"
    },
    "model": "definitions.index",
    "pk": 8
  },
  {
    "fields": {
      "index_id": 8,
      "column_id": 36,
      "workspace_id": "f4bb0aabc51d458a9eab58ed80fa2d6c",
      "created_at": "2020-02-27 17:25:55.896395+00:00",
      "updated_at": "2020-02-27 17:25:55.896421+00:00",
      "ordinal_position": 1
    },
    "model": "definitions.indexcolumn",
    "pk": 17
  },
  {
    "fields": {
      "name": "sales_representatives",
      "schema_id": 1,
      "workspace_id": "f4bb0aabc51d458a9eab58ed80fa2d6c",
      "created_at": "2020-02-27 17:25:55.342687+00:00",
      "updated_at": "2020-02-27 17:25:55.342714+00:00",
      "object_id": "16516",
      "kind": "view",
      "tags": [],
      "short_desc": "",
      "properties": {}
    },
    "model": "definitions.table",
    "pk": 8
  },
  {
    "fields": {
      "name": "customernumber",
      "table_id": 8,
      "workspace_id": "f4bb0aabc51d458a9eab58ed80fa2d6c",
      "created_at": "2020-02-27 17:25:55.781885+00:00",
      "updated_at": "2020-02-27 17:25:55.781906+00:00",
      "object_id": "16516/1",
      "is_nullable": true,
      "is_primary": false,
      "ordinal_position": 1,
      "data_type": "integer",
      "numeric_scale": 0,
      "max_length": 32,
      "default_value": ""
    },
    "model": "definitions.column",
    "pk": 45
  },
  {
    "fields": {
      "name": "customername",
      "table_id": 8,
      "workspace_id": "f4bb0aabc51d458a9eab58ed80fa2d6c",
      "created_at": "2020-02-27 17:25:55.781977+00:00",
      "updated_at": "2020-02-27 17:25:55.781998+00:00",
      "object_id": "16516/2",
      "is_nullable": true,
      "is_primary": false,
      "ordinal_position": 2,
      "data_type": "character varying",
      "numeric_scale": null,
      "max_length": 50,
      "default_value": ""
    },
    "model": "definitions.column",
    "pk": 46
  },
  {
    "fields": {
      "name": "salesrepemployeenumber",
      "table_id": 8,
      "workspace_id": "f4bb0aabc51d458a9eab58ed80fa2d6c",
      "created_at": "2020-02-27 17:25:55.782072+00:00",
      "updated_at": "2020-02-27 17:25:55.782094+00:00",
      "object_id": "16516/3",
      "is_nullable": true,
      "is_primary": false,
      "ordinal_position": 3,
      "data_type": "integer",
      "numeric_scale": 0,
      "max_length": 32,
      "default_value": ""
    },
    "model": "definitions.column",
    "pk": 47
  },
  {
    "fields": {
      "name": "emp_no",
      "table_id": 8,
      "workspace_id": "f4bb0aabc51d458a9eab58ed80fa2d6c",
      "created_at": "2020-02-27 17:25:55.782227+00:00",
      "updated_at": "2020-02-27 17:25:55.782249+00:00",
      "object_id": "16516/4",
      "is_nullable": true,
      "is_primary": false,
      "ordinal_position": 4,
      "data_type": "integer",
      "numeric_scale": 0,
      "max_length": 32,
      "default_value": ""
    },
    "model": "definitions.column",
    "pk": 48
  },
  {
    "fields": {
      "name": "name",
      "table_id": 8,
      "workspace_id": "f4bb0aabc51d458a9eab58ed80fa2d6c",
      "created_at": "2020-02-27 17:25:55.782320+00:00",
      "updated_at": "2020-02-27 17:25:55.782342+00:00",
      "object_id": "16516/5",
      "is_nullable": true,
      "is_primary": false,
      "ordinal_position": 5,
      "data_type": "text",
      "numeric_scale": null,
      "max_length": null,
      "default_value": ""
    },
    "model": "definitions.column",
    "pk": 49
  },
  {
    "fields": {
      "name": "employees",
      "datastore_id": "s4N8p5g0wjiS",
      "workspace_id": "f4bb0aabc51d458a9eab58ed80fa2d6c",
      "created_at": "2020-02-27 17:25:55.196569+00:00",
      "updated_at": "2020-02-27 17:25:55.196588+00:00",
      "object_id": "16386",
      "tags": []
    },
    "model": "definitions.schema",
    "pk": 2
  },
  {
    "fields": {
      "name": "current_dept_emp",
      "schema_id": 2,
      "workspace_id": "f4bb0aabc51d458a9eab58ed80fa2d6c",
      "created_at": "2020-02-27 17:25:55.339860+00:00",
      "updated_at": "2020-02-27 17:25:55.339898+00:00",
      "object_id": "16437",
      "kind": "view",
      "tags": [],
      "short_desc": "",
      "properties": {}
    },
    "model": "definitions.table",
    "pk": 9
  },
  {
    "fields": {
      "name": "emp_no",
      "table_id": 9,
      "workspace_id": "f4bb0aabc51d458a9eab58ed80fa2d6c",
      "created_at": "2020-02-27 17:25:55.776370+00:00",
      "updated_at": "2020-02-27 17:25:55.776392+00:00",
      "object_id": "16437/1",
      "is_nullable": true,
      "is_primary": false,
      "ordinal_position": 1,
      "data_type": "integer",
      "numeric_scale": 0,
      "max_length": 32,
      "default_value": ""
    },
    "model": "definitions.column",
    "pk": 50
  },
  {
    "fields": {
      "name": "dept_no",
      "table_id": 9,
      "workspace_id": "f4bb0aabc51d458a9eab58ed80fa2d6c",
      "created_at": "2020-02-27 17:25:55.776480+00:00",
      "updated_at": "2020-02-27 17:25:55.776503+00:00",
      "object_id": "16437/2",
      "is_nullable": true,
      "is_primary": false,
      "ordinal_position": 2,
      "data_type": "character",
      "numeric_scale": null,
      "max_length": 4,
      "default_value": ""
    },
    "model": "definitions.column",
    "pk": 51
  },
  {
    "fields": {
      "name": "from_date",
      "table_id": 9,
      "workspace_id": "f4bb0aabc51d458a9eab58ed80fa2d6c",
      "created_at": "2020-02-27 17:25:55.776574+00:00",
      "updated_at": "2020-02-27 17:25:55.776595+00:00",
      "object_id": "16437/3",
      "is_nullable": true,
      "is_primary": false,
      "ordinal_position": 3,
      "data_type": "date",
      "numeric_scale": null,
      "max_length": null,
      "default_value": ""
    },
    "model": "definitions.column",
    "pk": 52
  },
  {
    "fields": {
      "name": "to_date",
      "table_id": 9,
      "workspace_id": "f4bb0aabc51d458a9eab58ed80fa2d6c",
      "created_at": "2020-02-27 17:25:55.776665+00:00",
      "updated_at": "2020-02-27 17:25:55.776687+00:00",
      "object_id": "16437/4",
      "is_nullable": true,
      "is_primary": false,
      "ordinal_position": 4,
      "data_type": "date",
      "numeric_scale": null,
      "max_length": null,
      "default_value": ""
    },
    "model": "definitions.column",
    "pk": 53
  },
  {
    "fields": {
      "name": "departments",
      "schema_id": 2,
      "workspace_id": "f4bb0aabc51d458a9eab58ed80fa2d6c",
      "created_at": "2020-02-27 17:25:55.339999+00:00",
      "updated_at": "2020-02-27 17:25:55.340027+00:00",
      "object_id": "16392",
      "kind": "base table",
      "tags": [],
      "short_desc": "",
      "properties": {}
    },
    "model": "definitions.table",
    "pk": 10
  },
  {
    "fields": {
      "name": "dept_no",
      "table_id": 10,
      "workspace_id": "f4bb0aabc51d458a9eab58ed80fa2d6c",
      "created_at": "2020-02-27 17:25:55.776757+00:00",
      "updated_at": "2020-02-27 17:25:55.776779+00:00",
      "object_id": "16392/1",
      "is_nullable": false,
      "is_primary": true,
      "ordinal_position": 1,
      "data_type": "character",
      "numeric_scale": null,
      "max_length": 4,
      "default_value": ""
    },
    "model": "definitions.column",
    "pk": 54
  },
  {
    "fields": {
      "name": "dept_name",
      "table_id": 10,
      "workspace_id": "f4bb0aabc51d458a9eab58ed80fa2d6c",
      "created_at": "2020-02-27 17:25:55.776849+00:00",
      "updated_at": "2020-02-27 17:25:55.776870+00:00",
      "object_id": "16392/2",
      "is_nullable": false,
      "is_primary": false,
      "ordinal_position": 2,
      "data_type": "character varying",
      "numeric_scale": null,
      "max_length": 40,
      "default_value": ""
    },
    "model": "definitions.column",
    "pk": 55
  },
  {
    "fields": {
      "name": "started_on",
      "table_id": 10,
      "workspace_id": "f4bb0aabc51d458a9eab58ed80fa2d6c",
      "created_at": "2020-02-27 17:25:55.776940+00:00",
      "updated_at": "2020-02-27 17:25:55.776961+00:00",
      "object_id": "16392/3",
      "is_nullable": false,
      "is_primary": false,
      "ordinal_position": 3,
      "data_type": "timestamp without time zone",
      "numeric_scale": null,
      "max_length": null,
      "default_value": ""
    },
    "model": "definitions.column",
    "pk": 56
  },
  {
    "fields": {
      "name": "departments_dept_name_key",
      "table_id": 10,
      "workspace_id": "f4bb0aabc51d458a9eab58ed80fa2d6c",
      "created_at": "2020-02-27 17:25:55.868072+00:00",
      "updated_at": "2020-02-27 17:25:55.868095+00:00",
      "object_id": "16397",
      "is_unique": true,
      "is_primary": false,
      "sql": "CREATE UNIQUE INDEX departments_dept_name_key ON employees.departments USING btree (dept_name)"
    },
    "model": "definitions.index",
    "pk": 9
  },
  {
    "fields": {
      "index_id": 9,
      "column_id": 55,
      "workspace_id": "f4bb0aabc51d458a9eab58ed80fa2d6c",
      "created_at": "2020-02-27 17:25:55.879660+00:00",
      "updated_at": "2020-02-27 17:25:55.879690+00:00",
      "ordinal_position": 1
    },
    "model": "definitions.indexcolumn",
    "pk": 2
  },
  {
    "fields": {
      "name": "departments_pkey",
      "table_id": 10,
      "workspace_id": "f4bb0aabc51d458a9eab58ed80fa2d6c",
      "created_at": "2020-02-27 17:25:55.868230+00:00",
      "updated_at": "2020-02-27 17:25:55.868253+00:00",
      "object_id": "16395",
      "is_unique": true,
      "is_primary": true,
      "sql": "CREATE UNIQUE INDEX departments_pkey ON employees.departments USING btree (dept_no)"
    },
    "model": "definitions.index",
    "pk": 10
  },
  {
    "fields": {
      "index_id": 10,
      "column_id": 54,
      "workspace_id": "f4bb0aabc51d458a9eab58ed80fa2d6c",
      "created_at": "2020-02-27 17:25:55.880746+00:00",
      "updated_at": "2020-02-27 17:25:55.880776+00:00",
      "ordinal_position": 1
    },
    "model": "definitions.indexcolumn",
    "pk": 3
  },
  {
    "fields": {
      "name": "dept_emp",
      "schema_id": 2,
      "workspace_id": "f4bb0aabc51d458a9eab58ed80fa2d6c",
      "created_at": "2020-02-27 17:25:55.340114+00:00",
      "updated_at": "2020-02-27 17:25:55.340482+00:00",
      "object_id": "16418",
      "kind": "base table",
      "tags": [],
      "short_desc": "",
      "properties": {}
    },
    "model": "definitions.table",
    "pk": 11
  },
  {
    "fields": {
      "name": "emp_no",
      "table_id": 11,
      "workspace_id": "f4bb0aabc51d458a9eab58ed80fa2d6c",
      "created_at": "2020-02-27 17:25:55.777032+00:00",
      "updated_at": "2020-02-27 17:25:55.777053+00:00",
      "object_id": "16418/1",
      "is_nullable": false,
      "is_primary": true,
      "ordinal_position": 1,
      "data_type": "integer",
      "numeric_scale": 0,
      "max_length": 32,
      "default_value": ""
    },
    "model": "definitions.column",
    "pk": 57
  },
  {
    "fields": {
      "name": "dept_no",
      "table_id": 11,
      "workspace_id": "f4bb0aabc51d458a9eab58ed80fa2d6c",
      "created_at": "2020-02-27 17:25:55.777123+00:00",
      "updated_at": "2020-02-27 17:25:55.777154+00:00",
      "object_id": "16418/2",
      "is_nullable": false,
      "is_primary": true,
      "ordinal_position": 2,
      "data_type": "character",
      "numeric_scale": null,
      "max_length": 4,
      "default_value": ""
    },
    "model": "definitions.column",
    "pk": 58
  },
  {
    "fields": {
      "name": "from_date",
      "table_id": 11,
      "workspace_id": "f4bb0aabc51d458a9eab58ed80fa2d6c",
      "created_at": "2020-02-27 17:25:55.777224+00:00",
      "updated_at": "2020-02-27 17:25:55.777306+00:00",
      "object_id": "16418/3",
      "is_nullable": false,
      "is_primary": false,
      "ordinal_position": 3,
      "data_type": "date",
      "numeric_scale": null,
      "max_length": null,
      "default_value": ""
    },
    "model": "definitions.column",
    "pk": 59
  },
  {
    "fields": {
      "name": "to_date",
      "table_id": 11,
      "workspace_id": "f4bb0aabc51d458a9eab58ed80fa2d6c",
      "created_at": "2020-02-27 17:25:55.777380+00:00",
      "updated_at": "2020-02-27 17:25:55.777401+00:00",
      "object_id": "16418/4",
      "is_nullable": false,
      "is_primary": false,
      "ordinal_position": 4,
      "data_type": "date",
      "numeric_scale": null,
      "max_length": null,
      "default_value": ""
    },
    "model": "definitions.column",
    "pk": 60
  },
  {
    "fields": {
      "name": "dept_emp_pkey",
      "table_id": 11,
      "workspace_id": "f4bb0aabc51d458a9eab58ed80fa2d6c",
      "created_at": "2020-02-27 17:25:55.868312+00:00",
      "updated_at": "2020-02-27 17:25:55.868333+00:00",
      "object_id": "16421",
      "is_unique": true,
      "is_primary": true,
      "sql": "CREATE UNIQUE INDEX dept_emp_pkey ON employees.dept_emp USING btree (emp_no, dept_no)"
    },
    "model": "definitions.index",
    "pk": 11
  },
  {
    "fields": {
      "index_id": 11,
      "column_id": 57,
      "workspace_id": "f4bb0aabc51d458a9eab58ed80fa2d6c",
      "created_at": "2020-02-27 17:25:55.881787+00:00",
      "updated_at": "2020-02-27 17:25:55.881815+00:00",
      "ordinal_position": 1
    },
    "model": "definitions.indexcolumn",
    "pk": 4
  },
  {
    "fields": {
      "index_id": 11,
      "column_id": 58,
      "workspace_id": "f4bb0aabc51d458a9eab58ed80fa2d6c",
      "created_at": "2020-02-27 17:25:55.882821+00:00",
      "updated_at": "2020-02-27 17:25:55.882849+00:00",
      "ordinal_position": 2
    },
    "model": "definitions.indexcolumn",
    "pk": 5
  },
  {
    "fields": {
      "name": "dept_emp_latest_date",
      "schema_id": 2,
      "workspace_id": "f4bb0aabc51d458a9eab58ed80fa2d6c",
      "created_at": "2020-02-27 17:25:55.340994+00:00",
      "updated_at": "2020-02-27 17:25:55.341032+00:00",
      "object_id": "16433",
      "kind": "view",
      "tags": [],
      "short_desc": "",
      "properties": {}
    },
    "model": "definitions.table",
    "pk": 12
  },
  {
    "fields": {
      "name": "emp_no",
      "table_id": 12,
      "workspace_id": "f4bb0aabc51d458a9eab58ed80fa2d6c",
      "created_at": "2020-02-27 17:25:55.777472+00:00",
      "updated_at": "2020-02-27 17:25:55.777493+00:00",
      "object_id": "16433/1",
      "is_nullable": true,
      "is_primary": false,
      "ordinal_position": 1,
      "data_type": "integer",
      "numeric_scale": 0,
      "max_length": 32,
      "default_value": ""
    },
    "model": "definitions.column",
    "pk": 61
  },
  {
    "fields": {
      "name": "from_date",
      "table_id": 12,
      "workspace_id": "f4bb0aabc51d458a9eab58ed80fa2d6c",
      "created_at": "2020-02-27 17:25:55.777564+00:00",
      "updated_at": "2020-02-27 17:25:55.777585+00:00",
      "object_id": "16433/2",
      "is_nullable": true,
      "is_primary": false,
      "ordinal_position": 2,
      "data_type": "date",
      "numeric_scale": null,
      "max_length": null,
      "default_value": ""
    },
    "model": "definitions.column",
    "pk": 62
  },
  {
    "fields": {
      "name": "to_date",
      "table_id": 12,
      "workspace_id": "f4bb0aabc51d458a9eab58ed80fa2d6c",
      "created_at": "2020-02-27 17:25:55.777656+00:00",
      "updated_at": "2020-02-27 17:25:55.777677+00:00",
      "object_id": "16433/3",
      "is_nullable": true,
      "is_primary": false,
      "ordinal_position": 3,
      "data_type": "date",
      "numeric_scale": null,
      "max_length": null,
      "default_value": ""
    },
    "model": "definitions.column",
    "pk": 63
  },
  {
    "fields": {
      "name": "dept_manager",
      "schema_id": 2,
      "workspace_id": "f4bb0aabc51d458a9eab58ed80fa2d6c",
      "created_at": "2020-02-27 17:25:55.341341+00:00",
      "updated_at": "2020-02-27 17:25:55.341387+00:00",
      "object_id": "16399",
      "kind": "base table",
      "tags": [],
      "short_desc": "",
      "properties": {}
    },
    "model": "definitions.table",
    "pk": 13
  },
  {
    "fields": {
      "name": "dept_no",
      "table_id": 13,
      "workspace_id": "f4bb0aabc51d458a9eab58ed80fa2d6c",
      "created_at": "2020-02-27 17:25:55.777747+00:00",
      "updated_at": "2020-02-27 17:25:55.777768+00:00",
      "object_id": "16399/1",
      "is_nullable": false,
      "is_primary": true,
      "ordinal_position": 1,
      "data_type": "character",
      "numeric_scale": null,
      "max_length": 4,
      "default_value": ""
    },
    "model": "definitions.column",
    "pk": 64
  },
  {
    "fields": {
      "name": "emp_no",
      "table_id": 13,
      "workspace_id": "f4bb0aabc51d458a9eab58ed80fa2d6c",
      "created_at": "2020-02-27 17:25:55.777839+00:00",
      "updated_at": "2020-02-27 17:25:55.777861+00:00",
      "object_id": "16399/2",
      "is_nullable": false,
      "is_primary": true,
      "ordinal_position": 2,
      "data_type": "integer",
      "numeric_scale": 0,
      "max_length": 32,
      "default_value": ""
    },
    "model": "definitions.column",
    "pk": 65
  },
  {
    "fields": {
      "name": "from_date",
      "table_id": 13,
      "workspace_id": "f4bb0aabc51d458a9eab58ed80fa2d6c",
      "created_at": "2020-02-27 17:25:55.777934+00:00",
      "updated_at": "2020-02-27 17:25:55.777962+00:00",
      "object_id": "16399/3",
      "is_nullable": false,
      "is_primary": false,
      "ordinal_position": 3,
      "data_type": "date",
      "numeric_scale": null,
      "max_length": null,
      "default_value": ""
    },
    "model": "definitions.column",
    "pk": 66
  },
  {
    "fields": {
      "name": "to_date",
      "table_id": 13,
      "workspace_id": "f4bb0aabc51d458a9eab58ed80fa2d6c",
      "created_at": "2020-02-27 17:25:55.778035+00:00",
      "updated_at": "2020-02-27 17:25:55.778057+00:00",
      "object_id": "16399/4",
      "is_nullable": false,
      "is_primary": false,
      "ordinal_position": 4,
      "data_type": "date",
      "numeric_scale": null,
      "max_length": null,
      "default_value": ""
    },
    "model": "definitions.column",
    "pk": 67
  },
  {
    "fields": {
      "name": "extras",
      "table_id": 13,
      "workspace_id": "f4bb0aabc51d458a9eab58ed80fa2d6c",
      "created_at": "2020-02-27 17:25:55.778132+00:00",
      "updated_at": "2020-02-27 17:25:55.778153+00:00",
      "object_id": "16399/5",
      "is_nullable": true,
      "is_primary": false,
      "ordinal_position": 5,
      "data_type": "text",
      "numeric_scale": null,
      "max_length": null,
      "default_value": ""
    },
    "model": "definitions.column",
    "pk": 68
  },
  {
    "fields": {
      "name": "rating",
      "table_id": 13,
      "workspace_id": "f4bb0aabc51d458a9eab58ed80fa2d6c",
      "created_at": "2020-02-27 17:25:55.778224+00:00",
      "updated_at": "2020-02-27 17:25:55.778311+00:00",
      "object_id": "16399/6",
      "is_nullable": true,
      "is_primary": false,
      "ordinal_position": 6,
      "data_type": "integer",
      "numeric_scale": 0,
      "max_length": 32,
      "default_value": "5"
    },
    "model": "definitions.column",
    "pk": 69
  },
  {
    "fields": {
      "name": "dept_manager_pkey",
      "table_id": 13,
      "workspace_id": "f4bb0aabc51d458a9eab58ed80fa2d6c",
      "created_at": "2020-02-27 17:25:55.868392+00:00",
      "updated_at": "2020-02-27 17:25:55.868413+00:00",
      "object_id": "16406",
      "is_unique": true,
      "is_primary": true,
      "sql": "CREATE UNIQUE INDEX dept_manager_pkey ON employees.dept_manager USING btree (emp_no, dept_no)"
    },
    "model": "definitions.index",
    "pk": 12
  },
  {
    "fields": {
      "index_id": 12,
      "column_id": 65,
      "workspace_id": "f4bb0aabc51d458a9eab58ed80fa2d6c",
      "created_at": "2020-02-27 17:25:55.883914+00:00",
      "updated_at": "2020-02-27 17:25:55.883942+00:00",
      "ordinal_position": 1
    },
    "model": "definitions.indexcolumn",
    "pk": 6
  },
  {
    "fields": {
      "index_id": 12,
      "column_id": 64,
      "workspace_id": "f4bb0aabc51d458a9eab58ed80fa2d6c",
      "created_at": "2020-02-27 17:25:55.885001+00:00",
      "updated_at": "2020-02-27 17:25:55.885028+00:00",
      "ordinal_position": 2
    },
    "model": "definitions.indexcolumn",
    "pk": 7
  },
  {
    "fields": {
      "name": "employees",
      "schema_id": 2,
      "workspace_id": "f4bb0aabc51d458a9eab58ed80fa2d6c",
      "created_at": "2020-02-27 17:25:55.341550+00:00",
      "updated_at": "2020-02-27 17:25:55.341584+00:00",
      "object_id": "16387",
      "kind": "base table",
      "tags": [],
      "short_desc": "",
      "properties": {}
    },
    "model": "definitions.table",
    "pk": 14
  },
  {
    "fields": {
      "name": "emp_no",
      "table_id": 14,
      "workspace_id": "f4bb0aabc51d458a9eab58ed80fa2d6c",
      "created_at": "2020-02-27 17:25:55.778383+00:00",
      "updated_at": "2020-02-27 17:25:55.778405+00:00",
      "object_id": "16387/1",
      "is_nullable": false,
      "is_primary": true,
      "ordinal_position": 1,
      "data_type": "integer",
      "numeric_scale": 0,
      "max_length": 32,
      "default_value": ""
    },
    "model": "definitions.column",
    "pk": 70
  },
  {
    "fields": {
      "name": "birth_date",
      "table_id": 14,
      "workspace_id": "f4bb0aabc51d458a9eab58ed80fa2d6c",
      "created_at": "2020-02-27 17:25:55.778475+00:00",
      "updated_at": "2020-02-27 17:25:55.778496+00:00",
      "object_id": "16387/2",
      "is_nullable": false,
      "is_primary": false,
      "ordinal_position": 2,
      "data_type": "date",
      "numeric_scale": null,
      "max_length": null,
      "default_value": ""
    },
    "model": "definitions.column",
    "pk": 71
  },
  {
    "fields": {
      "name": "first_name",
      "table_id": 14,
      "workspace_id": "f4bb0aabc51d458a9eab58ed80fa2d6c",
      "created_at": "2020-02-27 17:25:55.778567+00:00",
      "updated_at": "2020-02-27 17:25:55.778588+00:00",
      "object_id": "16387/3",
      "is_nullable": false,
      "is_primary": false,
      "ordinal_position": 3,
      "data_type": "character varying",
      "numeric_scale": null,
      "max_length": 14,
      "default_value": ""
    },
    "model": "definitions.column",
    "pk": 72
  },
  {
    "fields": {
      "name": "last_name",
      "table_id": 14,
      "workspace_id": "f4bb0aabc51d458a9eab58ed80fa2d6c",
      "created_at": "2020-02-27 17:25:55.778659+00:00",
      "updated_at": "2020-02-27 17:25:55.778680+00:00",
      "object_id": "16387/4",
      "is_nullable": false,
      "is_primary": false,
      "ordinal_position": 4,
      "data_type": "character varying",
      "numeric_scale": null,
      "max_length": 16,
      "default_value": ""
    },
    "model": "definitions.column",
    "pk": 73
  },
  {
    "fields": {
      "name": "hire_date",
      "table_id": 14,
      "workspace_id": "f4bb0aabc51d458a9eab58ed80fa2d6c",
      "created_at": "2020-02-27 17:25:55.778750+00:00",
      "updated_at": "2020-02-27 17:25:55.778772+00:00",
      "object_id": "16387/5",
      "is_nullable": false,
      "is_primary": false,
      "ordinal_position": 5,
      "data_type": "date",
      "numeric_scale": null,
      "max_length": null,
      "default_value": ""
    },
    "model": "definitions.column",
    "pk": 74
  },
  {
    "fields": {
      "name": "created_at",
      "table_id": 14,
      "workspace_id": "f4bb0aabc51d458a9eab58ed80fa2d6c",
      "created_at": "2020-02-27 17:25:55.778842+00:00",
      "updated_at": "2020-02-27 17:25:55.778863+00:00",
      "object_id": "16387/6",
      "is_nullable": false,
      "is_primary": false,
      "ordinal_position": 6,
      "data_type": "timestamp without time zone",
      "numeric_scale": null,
      "max_length": null,
      "default_value": ""
    },
    "model": "definitions.column",
    "pk": 75
  },
  {
    "fields": {
      "name": "employees_pkey",
      "table_id": 14,
      "workspace_id": "f4bb0aabc51d458a9eab58ed80fa2d6c",
      "created_at": "2020-02-27 17:25:55.868472+00:00",
      "updated_at": "2020-02-27 17:25:55.868494+00:00",
      "object_id": "16390",
      "is_unique": true,
      "is_primary": true,
      "sql": "CREATE UNIQUE INDEX employees_pkey ON employees.employees USING btree (emp_no)"
    },
    "model": "definitions.index",
    "pk": 13
  },
  {
    "fields": {
      "index_id": 13,
      "column_id": 70,
      "workspace_id": "f4bb0aabc51d458a9eab58ed80fa2d6c",
      "created_at": "2020-02-27 17:25:55.886012+00:00",
      "updated_at": "2020-02-27 17:25:55.886039+00:00",
      "ordinal_position": 1
    },
    "model": "definitions.indexcolumn",
    "pk": 8
  }
]
